exp_name,num_elements_in_cluster,mean_of_which_cluster,distance_to_real_loc
EXP_1,58,"{'x': 1.3483663148505007, 'y': 0.7384244893306082, 'z': 0.38798425816035126}",0.8680789825816543
