exp_name,num_elements_in_cluster,mean_of_which_cluster,distance_to_real_loc
EXP_22,61,"{'x': 3.827771266813876, 'y': 4.541908221380312, 'z': 0.005525521106971853}",0.6735270595900362
