exp_name,num_elements_in_cluster,mean_of_which_cluster,distance_to_real_loc
EXP_4,60,"{'x': 1.0508457299015947, 'y': 4.237282112536483, 'z': 0.7657050540473774}",0.9257906998884791
