exp_name,num_elements_in_cluster,mean_of_which_cluster,distance_to_real_loc
EXP_15,64,"{'x': 3.18183720182199, 'y': 3.5610799087422764, 'z': 0.5806675614788332}",0.6649789019209557
