exp_name,num_elements_in_cluster,mean_of_which_cluster,distance_to_real_loc
EXP_5,62,"{'x': 1.6126419631384386, 'y': 5.155063849862959, 'z': 0.6922350684213567}",0.7815213432786081
