exp_name,num_elements_in_cluster,mean_of_which_cluster,distance_to_real_loc
EXP_33,55,"{'x': 6.420325920647169, 'y': 3.3327664286279157, 'z': -0.013390516284410141}",0.18570807736875614
