exp_name,num_elements_in_cluster,mean_of_which_cluster,distance_to_real_loc
EXP_37,39,"{'x': 7.740638826434794, 'y': 0.8301975223803774, 'z': 0.15285687485220706}",0.727941488033207
