exp_name,num_elements_in_cluster,mean_of_which_cluster,distance_to_real_loc
EXP_26,5,"{'x': 5.5940142980061145, 'y': 3.0996472877366723, 'z': 0.115278578089779}",0.6177784797158284
EXP_26,10,"{'x': 5.68177365439852, 'y': 2.6332411333392165, 'z': 0.33607882571696324}",0.4046686175131449
EXP_26,4,"{'x': 5.66743576443095, 'y': 2.304940339192065, 'z': 0.14429495460539188}",0.2948037652405409
EXP_26,5,"{'x': 5.696008337799261, 'y': 1.7169542091612893, 'z': 0.35264488040989306}",0.8808131243345547
EXP_26,4,"{'x': 5.7042255436149905, 'y': 1.8876897425819115, 'z': -0.016065810201525338}",0.6456532660801773
EXP_26,3,"{'x': 5.85284822328055, 'y': 2.517191325538706, 'z': 0.3314662864579439}",0.48441297464044064
EXP_26,4,"{'x': 5.711736263856741, 'y': 2.9746938931651377, 'z': 0.16467632104532243}",0.545236710062703
EXP_26,4,"{'x': 5.3192397380271315, 'y': 1.8081767658648542, 'z': 0.12223891598602246}",0.7254024538144324
