exp_name,num_elements_in_cluster,mean_of_which_cluster,distance_to_real_loc
EXP_29,300,"{'x': 5.069348956885864, 'y': 4.94433673008312, 'z': 0.41598501107953406}",0.8169216486297812,0.8874991492953668
EXP_29,4,"{'x': 4.830841765190399, 'y': 5.249332017840443, 'z': 0.5449735658965711}",0.8987236115736584,0.8874991492953668
EXP_29,17,"{'x': 5.198642821846615, 'y': 4.924202183777053, 'z': 0.010680862224616056}",0.6500016076903196,0.8874991492953668
EXP_29,5,"{'x': 4.547779031264027, 'y': 4.483467281501843, 'z': 0.11592134169053499}",1.3976372562292407,0.8874991492953668
EXP_29,4,"{'x': 4.697100565984374, 'y': 4.644918990221847, 'z': 0.23730293463105334}",1.1967270825046121,0.8874991492953668
