exp_name,num_elements_in_cluster,mean_of_which_cluster,distance_to_real_loc
EXP_38,184,"{'x': 7.499204626634885, 'y': 2.4709797538087788, 'z': -0.0349415652240682}",0.04538336699717194
EXP_38,4,"{'x': 7.459984252434504, 'y': 1.9792274026166754, 'z': 0.2339851559598986}",0.5723535970010147
EXP_38,7,"{'x': 7.219764723554753, 'y': 1.6937715489676335, 'z': -0.9401331910990081}",1.269747411889467
EXP_38,8,"{'x': 7.68708747381398, 'y': 1.8265295067918144, 'z': -0.015833355398473307}",0.6991840244170343
EXP_38,6,"{'x': 7.873462345204987, 'y': 2.1360146183858792, 'z': -0.32060785112798645}",0.6121949117723864
EXP_38,4,"{'x': 7.699669308292282, 'y': 1.6683517377291903, 'z': -0.10520558707735453}",0.8616876986472535
EXP_38,5,"{'x': 7.738136806319264, 'y': 2.3228080026825846, 'z': -0.2049602443788363}",0.36071657849342065
EXP_38,6,"{'x': 8.02445574281077, 'y': 2.403089060988617, 'z': 0.019284282942932416}",0.533724975994191
EXP_38,4,"{'x': 7.6796556763020245, 'y': 2.3549826291397675, 'z': 0.14044846542086872}",0.27023924585448383
