exp_name,num_elements_in_cluster,mean_of_which_cluster,distance_to_real_loc,point_with_the_lowest_sum_of_distances
EXP_15,333,"{'x': 3.181198660807925, 'y': 3.635297626736958, 'z': 0.5120198861083955}",0.6181290561039822,0.5971862439808873
EXP_15,8,"{'x': 3.156201380794186, 'y': 3.1188095903564648, 'z': 0.0914639625248041}",0.52142509529174,0.5971862439808873
EXP_15,4,"{'x': 2.7493596427109153, 'y': 2.716874946470329, 'z': -0.6775556996217912}",1.2789791749672863,0.5971862439808873
EXP_15,4,"{'x': 2.7515379729005827, 'y': 3.7147394364217785, 'z': 0.1460467190074292}",0.7922526995851765,0.5971862439808873
EXP_15,6,"{'x': 3.477612802710778, 'y': 3.4270081743887446, 'z': 0.6282508057809539}",0.6329230995942556,0.5971862439808873
EXP_15,10,"{'x': 3.3208571616986333, 'y': 3.308228422526118, 'z': 0.5220878085724664}",0.5843393363449016,0.5971862439808873
EXP_15,4,"{'x': 3.2751484633995083, 'y': 3.510361806565931, 'z': 0.8843759468773887}",0.9126069964667156,0.5971862439808873
EXP_15,4,"{'x': 3.32678453370303, 'y': 3.5370819529181254, 'z': 0.03553802172182225}",0.18065132161155095,0.5971862439808873
