exp_name,num_elements_in_cluster,mean_of_which_cluster,distance_to_real_loc,point_with_the_lowest_sum_of_distances
EXP_27,4,"{'x': 5.05509002274129, 'y': 4.178228224383929, 'z': -1.7792332224346683}",1.9553628537946608,0.8918740157668009
EXP_27,4,"{'x': 4.854674134886855, 'y': 4.03987513937044, 'z': -1.8970355141082815}",2.0752139889659573,0.8918740157668009
EXP_27,35,"{'x': 4.543210895915072, 'y': 3.1626503286528944, 'z': 0.3367276168393913}",1.0689267608213393,0.8918740157668009
EXP_27,4,"{'x': 4.559225535994753, 'y': 3.0837548277058775, 'z': 0.5246368244845825}",1.1547866642804636,0.8918740157668009
EXP_27,4,"{'x': 5.006561577457769, 'y': 3.5261824452903268, 'z': 0.2788181069338832}",0.5673265726193338,0.8918740157668009
EXP_27,4,"{'x': 4.787215976003555, 'y': 3.1814808700282082, 'z': 0.5587971957146288}",0.9600955837831977,0.8918740157668009
EXP_27,9,"{'x': 4.710036674575684, 'y': 2.961916109182225, 'z': 0.054105035264540344}",0.9573810213284991,0.8918740157668009
EXP_27,4,"{'x': 4.624453398742289, 'y': 3.157013555769559, 'z': 0.13195833638394044}",0.949512111560458,0.8918740157668009
