exp_name,num_elements_in_cluster,mean_of_which_cluster,distance_to_real_loc,point_with_the_lowest_sum_of_distances
EXP_34,8,"{'x': 6.130833116859743, 'y': 3.8781950808394248, 'z': -0.9172770487991794}",1.1680681358550964,0.6622839949749655
EXP_34,8,"{'x': 6.357510196288423, 'y': 4.131212828920922, 'z': 0.023413173799610446}",0.3960647043097885,0.6622839949749655
EXP_34,52,"{'x': 6.091066098335545, 'y': 5.227923707286749, 'z': 0.5730725361033461}",1.0126604712340657,0.6622839949749655
EXP_34,6,"{'x': 5.955668761553742, 'y': 4.026285734182238, 'z': -0.5655131084937436}",0.9167575633721272,0.6622839949749655
EXP_34,11,"{'x': 6.496222987459664, 'y': 4.551666258583635, 'z': 0.5217553638648232}",0.5243687347659088,0.6622839949749655
EXP_34,5,"{'x': 5.775772667568975, 'y': 4.345829416047313, 'z': -1.059077005818313}",1.292260070574031,0.6622839949749655
EXP_34,4,"{'x': 6.457100795751138, 'y': 5.280905260299336, 'z': 0.1515966425866237}",0.7966352866902142,0.6622839949749655
