exp_name,num_elements_in_cluster,mean_of_which_cluster,distance_to_real_loc
EXP_47,86,"{'x': 8.054862370287305, 'y': 5.413944279566227, 'z': 0.06609465403305792}",0.45814455142454774,0.559754740935706
EXP_47,17,"{'x': 8.101624024729054, 'y': 5.676815357450084, 'z': 0.09282663191332312}",0.4456373413438336,0.559754740935706
EXP_47,9,"{'x': 7.579172171446006, 'y': 5.416111941022644, 'z': -0.14186204800263796}",0.9354397147865808,0.559754740935706
EXP_47,4,"{'x': 7.473137189755211, 'y': 5.650569974663177, 'z': -0.28483146534715653}",1.0762504401857407,0.559754740935706
EXP_47,13,"{'x': 8.656052942022997, 'y': 5.257002376498737, 'z': 0.039718799619904446}",0.2915343890521327,0.559754740935706
EXP_47,18,"{'x': 8.433323399296846, 'y': 5.563758483831176, 'z': 0.28015085184477445}",0.295010796412606,0.559754740935706
EXP_47,6,"{'x': 7.223079653285754, 'y': 5.275857378082352, 'z': -0.13489503684572546}",1.3034156781318849,0.559754740935706
EXP_47,4,"{'x': 8.957699811232217, 'y': 5.094757833402875, 'z': -0.04006049671096237}",0.612604554341543,0.559754740935706
