exp_name,num_elements_in_cluster,mean_of_which_cluster,distance_to_real_loc
EXP_42,4,"{'x': 7.013104084402709, 'y': 0.630723918040674, 'z': -1.0524928871880848}",1.8263927151628703
EXP_42,4,"{'x': 8.129910351141202, 'y': 1.4692101522964358, 'z': -0.09752393060606596}",1.0420311415691954
EXP_42,5,"{'x': 8.35851641038754, 'y': 1.4408899331907883, 'z': -0.34078460257372095}",1.0106728946597907
EXP_42,6,"{'x': 7.998987376000941, 'y': 1.6845298572952194, 'z': -2.2543725337380867}",2.5954499821803543
