exp_name,num_elements_in_cluster,mean_of_which_cluster,distance_to_real_loc
EXP_10,42,"{'x': 2.225081767198286, 'y': 4.833623655426216, 'z': 0.6966550455759676}",0.8199084461084662,0.3852309956376821
EXP_10,4,"{'x': 2.2041920284676975, 'y': 4.816602772434825, 'z': 0.021124086288058404}",0.4337953549774364,0.3852309956376821
EXP_10,9,"{'x': 2.7648447485632492, 'y': 5.2400774184416425, 'z': 0.29581098392887356}",0.8398599228442801,0.3852309956376821
EXP_10,4,"{'x': 2.5108427284708963, 'y': 4.485195595819815, 'z': 0.694013573511297}",0.6942418022562455,0.3852309956376821
EXP_10,25,"{'x': 1.7085581510817283, 'y': 4.773610918272578, 'z': 0.24550610964391098}",0.8726059649119986,0.3852309956376821
EXP_10,4,"{'x': 2.557924079801631, 'y': 4.424393941562192, 'z': 0.5663650258847559}",0.5743489618690018,0.3852309956376821
EXP_10,6,"{'x': 2.3564692971516057, 'y': 4.575087316599782, 'z': 0.6212378352196267}",0.641967055229472,0.3852309956376821
EXP_10,4,"{'x': 2.172529020715889, 'y': 4.530902305264516, 'z': 0.6695408667754048}",0.7459499379985228,0.3852309956376821
EXP_10,4,"{'x': 2.4910856953115563, 'y': 4.145409670911037, 'z': 0.8650192849828642}",0.9349039362415797,0.3852309956376821
