exp_name,num_elements_in_cluster,mean_of_which_cluster,distance_to_real_loc,point_with_the_lowest_sum_of_distances
EXP_33,181,"{'x': 6.513170744920512, 'y': 3.2049666546035303, 'z': 0.010808003289293398}",0.2954926056604462,0.2871402793061259
EXP_33,38,"{'x': 6.562380757938124, 'y': 3.3737181314223057, 'z': -0.6863305757472533}",0.7006091206942714,0.2871402793061259
EXP_33,4,"{'x': 6.2443846660912055, 'y': 4.034466883827214, 'z': -0.17706270671452237}",0.6183736896084766,0.2871402793061259
EXP_33,8,"{'x': 6.317298137475328, 'y': 3.4539745252767418, 'z': -0.6387844686695306}",0.666003551041584,0.2871402793061259
EXP_33,3,"{'x': 6.347741352627721, 'y': 3.6024500215180217, 'z': -0.5838189015482363}",0.6119836435722773,0.2871402793061259
EXP_33,6,"{'x': 6.219181227658187, 'y': 3.5523656292442998, 'z': 0.24003826832725983}",0.37308765726032816,0.2871402793061259
EXP_33,5,"{'x': 6.173337313497188, 'y': 3.4379645525470233, 'z': 0.06042340784556417}",0.33797196629306375,0.2871402793061259
