exp_name,num_elements_in_cluster,mean_of_which_cluster,distance_to_real_loc
EXP_39,20,"{'x': 7.2454662384961335, 'y': 2.7998972494021537, 'z': -0.002083160519286837}",0.7449259493399327
EXP_39,31,"{'x': 7.378988292571545, 'y': 3.9356761756058094, 'z': 0.2809939297926198}",0.5323875374198763
EXP_39,4,"{'x': 6.908382377334255, 'y': 4.128911348877925, 'z': 0.210176372177442}",0.8886449290914789
EXP_39,142,"{'x': 7.28318495681004, 'y': 3.4064417930527378, 'z': 0.017736621621758885}",0.23680475079693825
EXP_39,6,"{'x': 7.2716608030030905, 'y': 3.7013408348838617, 'z': -0.06679785469261189}",0.31161646297973394
EXP_39,9,"{'x': 7.723027265116055, 'y': 3.9828156893301343, 'z': 0.35740727310348225}",0.6407492489265985
EXP_39,6,"{'x': 6.91592159686481, 'y': 4.519602220755513, 'z': -0.26837095980846537}",1.2053196795871208
EXP_39,13,"{'x': 7.3265029775519235, 'y': 3.9187681839371726, 'z': -0.05860107269668123}",0.4570882299950415
EXP_39,4,"{'x': 7.05913384100883, 'y': 4.191273361228786, 'z': -0.1771473805293744}",0.8388402172046832
